timestamp,open,high,low,close,volume
2022-01-03T00:00:00,1499.7590129838327,1500.5173146361965,1489.9266585911073,1492.6044621013355,4694478
2022-01-04T00:00:00,1488.9806239779,1491.7884110251323,1485.0175034613148,1487.9599684966392,5131544
2022-01-05T00:00:00,1486.3907122407918,1496.2392736850518,1486.3030726817171,1488.6378451618737,4803639
2022-01-06T00:00:00,1484.9363917579442,1486.29953175744,1481.9717512365207,1485.664960804745,4946326
2022-01-07T00:00:00,1481.379511098719,1481.5584296613044,1475.6903605264774,1476.2194063707439,5797964
2022-01-10T00:00:00,1471.9812311322416,1480.2916440271483,1471.6672509849939,1473.9125316345546,6025113
2022-01-11T00:00:00,1469.4862394540319,1472.0675757902243,1464.3103410495426,1469.783730058251,6787452
2022-01-12T00:00:00,1468.776595795181,1477.7665956964881,1465.0915691451794,1465.9394616615857,7595175
2022-01-13T00:00:00,1469.5707992920827,1476.7679744442316,1462.8069928747293,1473.470995935837,7705074
2022-01-14T00:00:00,1470.1115425791347,1470.591656902703,1469.19168472597,1469.8981435506269,8226553
2022-01-17T00:00:00,1474.5828504569406,1476.1159684548318,1466.1007362763025,1469.7006667886296,7384595
2022-01-18T00:00:00,1473.4939498086385,1481.3426296949815,1464.7210389386744,1474.886787840333,6818456
2022-01-19T00:00:00,1475.6740870218428,1477.002387715835,1472.8947150091194,1476.613532179131,7787969
2022-01-20T00:00:00,1480.943896313918,1482.839406695301,1480.9243842135227,1481.7862796229824,7899682
2022-01-21T00:00:00,1485.7258914757476,1487.6335022327594,1483.394983302046,1484.5340858844036,8689172
2022-01-24T00:00:00,1485.3872779147753,1494.5573784901126,1481.123998251571,1483.0063097258517,8933120
2022-01-25T00:00:00,1482.7022750940737,1488.214975828631,1477.1957665016591,1480.0111679177498,8184268
2022-01-26T00:00:00,1481.4575956124581,1490.6759586949677,1474.5948473409044,1487.1090223862357,8128108
2022-01-27T00:00:00,1489.4305602800855,1496.204382778199,1480.098855728704,1487.0899217667034,7378144
2022-01-28T00:00:00,1484.6177249425662,1491.514823195083,1474.9615530701308,1476.6352729213957,6686748
2022-01-31T00:00:00,1473.3403949610306,1477.2127142463514,1473.251832768785,1476.614070200848,7512672
2022-02-01T00:00:00,1475.142219409054,1476.4385544378972,1469.6889900890808,1472.951916840212,8217911
2022-02-02T00:00:00,1468.7305108190073,1472.783447519197,1464.1713832211647,1466.730740153462,8466586
2022-02-03T00:00:00,1467.4594400988992,1471.325608153187,1465.0538322981288,1469.9715592889004,7797088
2022-02-04T00:00:00,1466.078438335719,1475.0042351964744,1459.1262143224747,1474.4848787734463,8627445
2022-02-07T00:00:00,1477.7888726951037,1480.9541307332304,1471.7839109635695,1477.574273199025,8864402
2022-02-08T00:00:00,1481.5719491509337,1485.2362707545415,1478.6297403652566,1483.3499387388413,8411267
2022-02-09T00:00:00,1482.4164040769733,1484.5276612045723,1481.83973509957,1482.6114621476454,7961362
2022-02-10T00:00:00,1484.5552714855396,1484.8142590309444,1484.54290966146,1484.78806752528,8548263
2022-02-11T00:00:00,1487.9970009859776,1491.7739940657025,1485.5672255600787,1485.6237723269826,7965356
2022-02-14T00:00:00,1482.0435040141138,1484.5758096789198,1478.091379334381,1479.9714939649207,8266129
2022-02-15T00:00:00,1475.4897092057272,1477.5216765522875,1474.3824148225199,1475.9694715956964,8268152
2022-02-16T00:00:00,1479.8155198679747,1481.36773603145,1471.8389278329646,1477.5933752205035,8084992
2022-02-17T00:00:00,1473.5366141885643,1477.7201379935088,1465.9896897758592,1469.4574321508078,8710728
2022-02-18T00:00:00,1474.116065233255,1483.22337010821,1470.0506513872467,1473.6920045152874,8503991
2022-02-21T00:00:00,1474.5091035680546,1477.4111903000787,1467.0718693447998,1473.1436242162195,9405603
2022-02-22T00:00:00,1476.154839892466,1482.6909013454977,1466.1898245395332,1478.9480495921493,8918624
2022-02-23T00:00:00,1474.5311516433355,1475.3295710520117,1468.7275669240414,1469.6631533099562,8884705
2022-02-24T00:00:00,1469.81969216243,1471.1622404189184,1462.8855035039774,1463.0559740821627,8458970
2022-02-25T00:00:00,1459.7664324333125,1461.2188320490527,1451.325844575232,1461.0445853756921,7827977
2022-02-28T00:00:00,1456.8871585703582,1461.193312562351,1454.256261761357,1456.826238424324,7998073
2022-03-01T00:00:00,1460.8940875714113,1469.0212976858527,1454.2140695187506,1463.2952973203755,8033103
2022-03-02T00:00:00,1462.068540266218,1468.029625101423,1452.2980667174263,1464.8103111325129,8976715
2022-03-03T00:00:00,1468.8739931772716,1469.2922072795218,1467.0111539925986,1467.4166992471514,8126714
2022-03-04T00:00:00,1463.257321529413,1466.699864789024,1457.958017148279,1462.4696654559134,7232599
2022-03-07T00:00:00,1465.9217394214163,1475.6830981646824,1458.3144072397713,1458.3498990507787,8071720
2022-03-08T00:00:00,1456.7167172424574,1463.5397840449316,1449.0315740467088,1460.8934776474193,7931118
2022-03-09T00:00:00,1464.875517378261,1473.188572980637,1461.9170279251719,1462.185612965374,8168619
2022-03-10T00:00:00,1460.7505437838308,1470.1503921027377,1450.8415746279538,1467.126057350511,9043317
2022-03-11T00:00:00,1465.7691280021627,1470.9193367304138,1459.8003379271715,1469.9760271501848,8999463
2022-03-14T00:00:00,1473.3205134182003,1479.2346730721645,1465.268608828852,1474.5987415182433,9785777
2022-03-15T00:00:00,1475.6125404073553,1477.600461511189,1472.870847982156,1473.1537339782878,9698985
2022-03-16T00:00:00,1475.8202735485531,1485.201639504101,1474.0853504324755,1474.8722833767088,9268892
2022-03-17T00:00:00,1474.5394189855015,1482.485212777867,1467.767667983215,1469.5145750955803,9989821
2022-03-18T00:00:00,1473.8807081637556,1478.1722483489068,1466.0014512880093,1474.6854331734432,10202813
2022-03-21T00:00:00,1471.2272879532306,1477.9363977607445,1467.4974969610928,1475.007937869051,9368470
2022-03-22T00:00:00,1476.556564909226,1478.113141367789,1470.4419612048443,1477.6953061139586,10061881
2022-03-23T00:00:00,1481.5762006073976,1489.297584566132,1481.0909418685035,1485.9993306132835,10912610
2022-03-24T00:00:00,1488.2557362339878,1493.500504196345,1481.7692330767818,1487.5377953377445,11208707
2022-03-25T00:00:00,1491.0604860497294,1495.7694163474778,1484.9449814080685,1493.78845779169,10535210
2022-03-28T00:00:00,1498.7342672941265,1501.052687588683,1498.2748392028734,1501.0468823194476,11373356
2022-03-29T00:00:00,1497.1453551500892,1502.693328228117,1496.1501138496928,1501.1772046377423,11829885
2022-03-30T00:00:00,1504.6200266375965,1509.58112049165,1495.2076256648231,1502.4178158567256,11324454
2022-03-31T00:00:00,1500.9928339226094,1504.7847614640875,1499.3868175780965,1504.2490572314725,12307695
2022-04-01T00:00:00,1505.1982124704487,1512.0257027017722,1496.9708219180545,1505.823944810955,12626145
2022-04-04T00:00:00,1503.3544300749284,1510.3077803876818,1497.455750780306,1505.3799944487414,12486498
2022-04-05T00:00:00,1500.662702335448,1503.3270680471026,1497.3786184204778,1502.3654996073485,13102729
2022-04-06T00:00:00,1504.2038417517226,1510.208465387802,1500.8256169516121,1504.088768334336,12797421
2022-04-07T00:00:00,1503.3736350731022,1506.4213277245642,1503.232029986348,1505.1752118530292,13788003
2022-04-08T00:00:00,1509.5621614584152,1516.1897158511244,1503.384528209503,1509.5334585475819,14297595
2022-04-11T00:00:00,1508.4851922063165,1513.9126951908818,1505.9519016623565,1506.921303897991,14350452
2022-04-12T00:00:00,1504.4482220835896,1512.7536303533363,1503.2291455049167,1511.583604905954,13660370
2022-04-13T00:00:00,1511.1330209306523,1519.4748024320927,1511.0456549899466,1513.7885396388867,14543322
2022-04-14T00:00:00,1516.0065080977274,1521.5604903479257,1513.5711871622332,1516.309086680354,14969988
2022-04-15T00:00:00,1519.7836055624732,1525.786770445571,1517.218554896854,1522.3720927815125,15718451
2022-04-18T00:00:00,1523.2730400236323,1531.224169730846,1523.2096834057336,1524.3925853902915,16145632
2022-04-19T00:00:00,1528.9786622239385,1535.7319418800892,1527.5410165835085,1534.2675966488086,15555597
2022-04-20T00:00:00,1533.2076446839142,1539.754751411483,1531.5167117842839,1532.3009335579766,14664972
2022-04-21T00:00:00,1528.5485036417474,1531.7792270371685,1525.5943013222472,1525.7586199585244,14184113
2022-04-22T00:00:00,1524.5852133997387,1527.9440581803838,1521.7001269027767,1527.4578746565592,14346506
2022-04-25T00:00:00,1527.4088348852747,1530.5759237639795,1523.076155802392,1527.4652843871272,13797916
2022-04-26T00:00:00,1524.17187665651,1529.5723155245107,1518.3298016726742,1521.1959665489496,14516709
2022-04-27T00:00:00,1523.0738116091245,1527.4436523737827,1517.4759177410233,1518.7331275998185,14209604
2022-04-28T00:00:00,1521.1127724456385,1523.6389206608226,1511.8369301908087,1522.5438452129226,14320310
2022-04-29T00:00:00,1519.2416219036907,1526.2717586177762,1518.070321386557,1519.9602485663765,14353735
2022-05-02T00:00:00,1522.1376081657388,1524.689061379061,1520.7531441335025,1524.496388326828,13973067
2022-05-03T00:00:00,1528.1253537621492,1530.4646311215129,1524.9517463468505,1527.5726946102263,13541641
2022-05-04T00:00:00,1528.4793642765246,1531.3529072712397,1518.9486521737629,1527.0060735801012,14311397
2022-05-05T00:00:00,1525.062481951872,1533.1414397998828,1516.6315756475674,1529.3977674488956,14947580
2022-05-06T00:00:00,1530.5325672243691,1535.342473032729,1526.764447013712,1532.2479273248591,14484649
2022-05-09T00:00:00,1536.5874952968777,1544.4585829684568,1529.0468247485016,1532.3496267396913,14262826
2022-05-10T00:00:00,1532.2519624020133,1540.7043170407972,1528.7034196404868,1537.4005220513523,13785730
2022-05-11T00:00:00,1535.255937115132,1535.5005037614742,1528.7646287876282,1532.203982858996,13049418
2022-05-12T00:00:00,1531.4863815934896,1536.7530131201183,1528.3450878211727,1529.379331707575,13515908
2022-05-13T00:00:00,1527.1645394404784,1531.349853471459,1521.6825954102046,1530.4478427447714,13301014
2022-05-16T00:00:00,1526.089675640877,1526.7517866631474,1522.5412048556764,1524.070091880359,13373254
2022-05-17T00:00:00,1522.1632074806694,1531.6835532190723,1517.3627112074125,1526.519766573928,12876846
2022-05-18T00:00:00,1523.8712811825224,1531.4515346396684,1519.6774729145595,1522.4391943410028,13817968
2022-05-19T00:00:00,1524.260893093266,1527.248390642138,1521.2529155248299,1523.6915934993126,13799387
2022-05-20T00:00:00,1526.6015016974677,1531.4871392476916,1518.3057495661167,1529.7783748425852,13062860
2022-05-23T00:00:00,1531.2017384996404,1535.784829932391,1530.768615094371,1532.8622284039373,12073482
2022-05-24T00:00:00,1531.2590506352342,1531.866774329048,1526.3546655658254,1526.9912887573082,12177086
2022-05-25T00:00:00,1529.1983770389206,1530.6394180891814,1520.4054759000717,1526.1377433527725,12074514
2022-05-26T00:00:00,1526.6930013808037,1536.304534337219,1523.9887825552153,1532.621553946987,12746310
2022-05-27T00:00:00,1528.8701681943244,1529.6903066821685,1522.9748481645277,1525.970821519788,13571685
2022-05-30T00:00:00,1528.035742804732,1531.356822619493,1518.9935851170173,1527.7927300189954,13525352
2022-05-31T00:00:00,1529.2572522119938,1534.4220400785837,1524.9601360946754,1525.240904831237,13344554
2022-06-01T00:00:00,1529.7396715022926,1538.6848305462854,1526.5673574014666,1537.9425343209527,13376011
2022-06-02T00:00:00,1534.7292077416307,1541.2602049723946,1532.429497136623,1536.1636039705838,12829357
2022-06-03T00:00:00,1533.7538056404276,1534.3050934193873,1531.0581300870656,1531.0916458826716,12998643
2022-06-06T00:00:00,1530.2336861790384,1538.304094640459,1521.5885128622606,1532.000668020237,13780966
2022-06-07T00:00:00,1527.0883002278779,1532.2994201102667,1525.818522073114,1530.2207191867817,14501794
2022-06-08T00:00:00,1525.5682231078365,1525.881416558172,1518.2006724972034,1520.2252181772321,14966858
2022-06-09T00:00:00,1520.1020989099495,1527.551946753528,1519.2702448761095,1526.5887339174537,14023289
2022-06-10T00:00:00,1526.8605189664734,1534.610283618715,1521.1774988510915,1533.277480489649,13476121
2022-06-13T00:00:00,1536.1336877572874,1545.1277639505997,1530.937887094414,1544.7715888595615,14102930
2022-06-14T00:00:00,1543.7655447178586,1548.0707580342767,1536.245036320902,1536.9650857971872,14241996
2022-06-15T00:00:00,1541.7534076877234,1543.9647670712188,1532.2932227538,1538.413391410216,15225144
2022-06-16T00:00:00,1538.0554904563253,1545.3393027370414,1531.2045743954397,1534.5201621466038,15648258
2022-06-17T00:00:00,1531.88412909716,1539.25022802405,1530.4234061333268,1535.1921524020663,16226287
2022-06-20T00:00:00,1534.4569303969108,1542.4411329902825,1530.0197611761503,1539.6305329795368,15858733
2022-06-21T00:00:00,1541.8973163638705,1544.5090381676036,1539.9239767331862,1543.8873138947506,16776913
2022-06-22T00:00:00,1548.368215169091,1554.6544333340498,1542.487511786763,1543.1888185450193,17086954
2022-06-23T00:00:00,1539.0374824437238,1539.8756821962588,1537.5473160318027,1538.642687737223,16178459
2022-06-24T00:00:00,1538.0777759463288,1545.5993101820186,1534.052961757848,1540.5107768383748,16134309
2022-06-27T00:00:00,1542.554530866051,1543.2197055265287,1537.153890570124,1537.5217065811246,16635133
2022-06-28T00:00:00,1538.797913363586,1540.376973817403,1529.6012583107486,1535.6451719975892,16799031
2022-06-29T00:00:00,1536.472066863401,1542.468783659179,1535.1763830851319,1540.4088543800062,17285188
2022-06-30T00:00:00,1536.3437747023772,1543.0313818542602,1535.5667956027667,1542.3047252354427,16361176
2022-07-01T00:00:00,1540.463289676291,1541.311299714791,1537.5913195189396,1539.6827548293843,15717374
2022-07-04T00:00:00,1540.9852181064825,1545.594089423929,1537.4487629732555,1543.6463646593959,15057339
2022-07-05T00:00:00,1541.1260653064808,1545.2494836287162,1534.4718052394069,1539.3586365456074,15834250
2022-07-06T00:00:00,1543.8542557918881,1545.9220584116217,1541.3198306155277,1543.5841928414843,14985571
2022-07-07T00:00:00,1544.4299986279284,1548.9228872431215,1539.1320064248305,1540.8546635785267,14770378
2022-07-08T00:00:00,1539.156940077016,1547.9679691608835,1532.2806008009818,1545.6881199060274,15633440
2022-07-11T00:00:00,1544.5525743125427,1552.8758240579057,1538.3486129817393,1549.2795553928095,16381535
2022-07-12T00:00:00,1546.3720308838122,1553.834640161399,1541.4162774027502,1547.2052268718237,17288323
2022-07-13T00:00:00,1547.640654062701,1557.413952505486,1540.0702036904413,1541.8323147961269,16918883
2022-07-14T00:00:00,1542.7857196026448,1546.9979173800346,1533.8765901822794,1538.419097979834,16162381
2022-07-15T00:00:00,1534.2772632267317,1541.7957758600173,1526.6093841858797,1528.5850296359527,16888869
2022-07-18T00:00:00,1528.8098042866243,1538.3209484442136,1527.1027870029952,1533.183688037872,17570832
2022-07-19T00:00:00,1535.6270482762197,1544.8230668974822,1528.829979217725,1530.1120790900386,16573185
2022-07-20T00:00:00,1534.600356058869,1544.4632398253448,1529.6759068474023,1542.9187561568106,16341335
2022-07-21T00:00:00,1541.3495191014435,1544.294561229447,1536.1640387087223,1540.9815532721007,15987948
2022-07-22T00:00:00,1545.253745772507,1547.9656125768845,1543.6469759933007,1545.6091338001547,16613298
2022-07-25T00:00:00,1544.1252201636746,1544.9390017923074,1541.92300618306,1544.3571882034585,16526782
2022-07-26T00:00:00,1541.816805254852,1547.7687204948916,1535.2210992130242,1539.7433413122226,17342073
2022-07-27T00:00:00,1541.6475890245404,1543.511174930648,1539.8804438247578,1542.1815375355618,17146305
2022-07-28T00:00:00,1546.4159536426155,1548.1561456046688,1541.9547450279208,1545.1913070298144,17451396
2022-07-29T00:00:00,1545.101837392129,1548.9268871894342,1535.4762940873536,1548.263960901721,17228875
2022-08-01T00:00:00,1550.5982398965912,1553.2771533868927,1549.463542671086,1550.1656238309176,17425714
2022-08-02T00:00:00,1553.8133563257527,1555.5230952368331,1544.3208426130118,1544.3900135162346,17179792
2022-08-03T00:00:00,1541.8714651822927,1546.0953255028946,1537.8956481915654,1543.4681450360144,16462860
2022-08-04T00:00:00,1548.4136349298865,1554.405892177993,1540.0172652546225,1554.3666673925372,15541465
2022-08-05T00:00:00,1557.9251520908385,1562.2831133944562,1549.931019548002,1550.151224143434,16474402
2022-08-08T00:00:00,1554.53913719644,1560.1278560379917,1550.9475941821543,1553.4529903491473,17316507
2022-08-09T00:00:00,1548.8658596610812,1550.2097220944688,1548.1904732464436,1549.1661341968424,17218307
2022-08-10T00:00:00,1547.1052690642246,1553.3401564874107,1537.6168201067496,1546.2351426520404,17220337
2022-08-11T00:00:00,1545.517745456634,1548.1736921871043,1542.5392917452937,1547.629430619435,18091253
2022-08-12T00:00:00,1545.6763140218363,1552.1278518332326,1539.5223825133896,1540.992075110308,17716628
2022-08-15T00:00:00,1536.2415689046977,1544.4570541363014,1532.1473113826692,1542.3792518521932,17145470
2022-08-16T00:00:00,1538.0436361836207,1540.034128482901,1531.3010886076527,1533.5541586462184,16270663
2022-08-17T00:00:00,1536.7543989847063,1542.9533028830256,1533.4311861555273,1539.2154743678652,17247464
2022-08-18T00:00:00,1535.4767314681187,1538.5469337087482,1533.3630590401372,1536.3535343101,17961303
2022-08-19T00:00:00,1536.537733469351,1546.2624451973845,1532.7025246088906,1538.0575032275956,18544025
2022-08-22T00:00:00,1536.8842307747273,1541.9669839721864,1533.4374381305734,1541.3219907962662,17701134
2022-08-23T00:00:00,1541.6325409935428,1548.8686512271076,1539.96188200516,1546.136389989892,18324164
2022-08-24T00:00:00,1547.7629521547015,1550.9318148493323,1544.1513946830762,1546.735680370303,17644828
2022-08-25T00:00:00,1549.8227603633557,1557.77752650684,1544.1607186435165,1557.6450191253734,16938787
2022-08-26T00:00:00,1559.666526359678,1567.8866001455565,1558.3557022820005,1567.1083947025875,17804692
2022-08-29T00:00:00,1571.2323377347846,1578.739939645762,1571.223613674493,1576.606108303852,16924931
2022-08-30T00:00:00,1572.2368536047638,1581.020872808277,1567.6068685616826,1568.2545155068158,16566405
2022-08-31T00:00:00,1563.3767551010062,1567.9208507029261,1559.2570504360667,1560.4901059198814,16355518
2022-09-01T00:00:00,1564.178536056049,1564.5280879619643,1559.058985045557,1562.4889465122878,17090499
2022-09-02T00:00:00,1564.3724258714699,1570.2353116542427,1558.061846840192,1558.265328712854,17236108
2022-09-05T00:00:00,1561.1628715337524,1568.5388465971018,1560.8315849144972,1564.897429227258,18051636
2022-09-06T00:00:00,1565.9390821719521,1569.4779609524344,1563.927375320957,1568.1815461224282,18286432
2022-09-07T00:00:00,1572.8673174191392,1580.2906475688192,1572.3439278522433,1576.6987405282407,17505631
2022-09-08T00:00:00,1580.2889983307814,1585.6333308144535,1576.918482286263,1583.3322350288784,18313750
2022-09-09T00:00:00,1582.1641198934892,1592.0074111495298,1573.821587487542,1576.5548146236356,17512906
2022-09-12T00:00:00,1578.2995422244474,1585.8839130252459,1578.1925095161907,1578.194235651817,16633759
2022-09-13T00:00:00,1579.4839029261166,1585.129166662927,1576.1151373577134,1579.397005113124,16362369
2022-09-14T00:00:00,1580.236846023287,1582.599385887349,1580.1193167720294,1582.165061671998,15627309
2022-09-15T00:00:00,1582.6245143346232,1589.5448621123535,1574.1019364294532,1582.978487558233,15540917
2022-09-16T00:00:00,1587.034772788945,1591.9393188214362,1582.0936571171421,1583.1959072029106,15394800
2022-09-19T00:00:00,1584.5232365381646,1588.153679599367,1584.0585096570094,1585.4400737247047,15771156
2022-09-20T00:00:00,1583.6337457408613,1591.6166491153758,1580.9538705668992,1584.2191069706664,16424085
2022-09-21T00:00:00,1587.6497341385204,1596.8023801447512,1578.4054972709673,1583.275505321811,17131165
2022-09-22T00:00:00,1581.0961845765542,1590.133214529837,1580.346535882018,1582.9574227460175,16433044
2022-09-23T00:00:00,1580.572900465983,1585.5247955604996,1576.136785412973,1577.7251199771504,16916972
2022-09-26T00:00:00,1582.4840933030239,1583.5159009989463,1577.9831550829113,1578.5820425483569,17393243
2022-09-27T00:00:00,1577.407864554505,1577.5415156820366,1571.1947564116492,1573.498473774249,16439737
2022-09-28T00:00:00,1575.1276140634975,1578.799245897292,1575.0691415985962,1576.4519781967822,16757489
2022-09-29T00:00:00,1572.3479912372197,1579.2946798878954,1564.6748524580037,1576.4348685145872,17418424
2022-09-30T00:00:00,1573.5347320344474,1575.3256523255463,1567.6725682473468,1573.6750404211207,18280127
2022-10-03T00:00:00,1573.4331847847802,1579.0153368089573,1571.5046776503318,1576.0986025142229,18406189
2022-10-04T00:00:00,1575.6556830559036,1580.6976519559312,1574.9253284401173,1575.2701002523793,18081411
2022-10-05T00:00:00,1578.2174904735307,1581.4125591701863,1573.2325245892164,1578.2775273757704,17143254
2022-10-06T00:00:00,1578.5713350638737,1586.4264765017572,1571.2599003312137,1584.146294515623,17560023
2022-10-07T00:00:00,1585.5805107755184,1591.3210795100129,1581.0868982289674,1582.3504517554131,16576988
2022-10-10T00:00:00,1578.9967754769946,1584.2998890309566,1575.2011618375814,1575.452069128837,17120569
2022-10-11T00:00:00,1572.1463808873002,1574.5408119453523,1572.0990587488632,1572.7027854311489,17803990
2022-10-12T00:00:00,1570.5845056531462,1573.1893932170337,1563.76564129682,1568.4235387760882,17400042
2022-10-13T00:00:00,1568.9276435246813,1571.0647880373854,1567.7562023215175,1568.3193057407175,17700155
2022-10-14T00:00:00,1572.006310086947,1577.5853953906505,1565.9658404653314,1566.0394261106085,17695101
2022-10-17T00:00:00,1568.4240330602365,1573.9907001186216,1560.3884477380334,1565.538675594652,17959083
2022-10-18T00:00:00,1569.8574493285712,1574.0026595324055,1564.186797688644,1573.102431059292,17051716
2022-10-19T00:00:00,1575.9883368125534,1584.2851177006894,1570.2670123288997,1579.0067740598474,16521460
2022-10-20T00:00:00,1581.779576851958,1582.6337034962864,1575.7720001236366,1582.2430045606986,16254417
2022-10-21T00:00:00,1580.6699682830879,1590.2543936230074,1571.3953615638814,1580.2997306633806,15998963
2022-10-24T00:00:00,1582.4823521354363,1589.2494951472456,1582.0781532783194,1585.2891359106409,16020488
2022-10-25T00:00:00,1585.9401776050447,1591.8241779462833,1579.7509052480393,1590.0856420214932,17009303
2022-10-26T00:00:00,1586.2837355060524,1596.0306238728717,1578.8998569591106,1585.703413174849,17064931
2022-10-27T00:00:00,1583.3048799010562,1590.6070186148725,1582.7632065772116,1589.4429358905056,18005478
2022-10-28T00:00:00,1591.2042876002672,1595.3233943727073,1589.5825458618872,1589.6649217354534,18765802
2022-10-31T00:00:00,1590.7279659406206,1591.2069440420573,1588.7199921308015,1591.0299986001537,18347968
2022-11-01T00:00:00,1587.9017161290847,1593.449978019086,1581.7840464090661,1591.9589626157917,18187984
2022-11-02T00:00:00,1594.3995457975393,1601.7583176350538,1593.1528934939881,1599.7959636687917,17582104
2022-11-03T00:00:00,1598.9450854779914,1608.3176319423778,1596.1405441467712,1605.6715988939764,18246984
2022-11-04T00:00:00,1602.4418293292658,1610.5827251470312,1598.6087386682666,1606.2745828362029,18460226
2022-11-07T00:00:00,1609.586832223634,1618.6635961161132,1608.6647652275137,1609.195673620331,18403923
2022-11-08T00:00:00,1609.4977657640814,1611.389519932257,1607.4825388912448,1608.3127000167854,18762713
2022-11-09T00:00:00,1605.2368057582792,1606.3878412588376,1598.9977267562074,1604.791168073608,19646353
2022-11-10T00:00:00,1605.8455837611768,1613.8557359075758,1597.8642589198928,1609.520365558575,18774457
2022-11-11T00:00:00,1609.911178294835,1612.4162400336381,1607.7491431690594,1609.0928767671207,19537725
2022-11-14T00:00:00,1610.6176986540602,1617.012387645633,1604.078941739268,1615.35987403962,18932350
2022-11-15T00:00:00,1618.029051740439,1620.8590139299054,1617.7468752009936,1619.7268667122319,19258247
2022-11-16T00:00:00,1617.137783478073,1621.7523489909645,1613.919622897227,1617.7027088920024,19609167
2022-11-17T00:00:00,1618.825825493446,1621.18938720616,1610.3692093416937,1612.017613660712,20205202
2022-11-18T00:00:00,1608.451951254699,1611.7818489243664,1599.226378518962,1610.6772751737572,20175504
2022-11-21T00:00:00,1606.6218362495802,1607.1525359205157,1597.7661949611618,1600.2547511786029,20701473
2022-11-22T00:00:00,1599.9237025612126,1608.8054401267811,1596.4450027706962,1596.7156261219138,21603289
2022-11-23T00:00:00,1596.2482300642423,1604.0662278559978,1595.3611769927938,1602.9485799264432,20746066
2022-11-24T00:00:00,1606.2326197946227,1613.257853107153,1604.4851072515314,1611.262227715956,20584876
2022-11-25T00:00:00,1613.7653457875,1620.870317043065,1605.9442642103206,1615.1329162560673,19868779
2022-11-28T00:00:00,1618.7870881716635,1625.1336403746732,1616.3332471427245,1620.756526751439,20724088
2022-11-29T00:00:00,1619.293638357942,1626.0981455676517,1615.364741033102,1623.7571151754019,20204083
2022-11-30T00:00:00,1623.1541653171141,1630.1164230445677,1617.0565602482159,1630.0848985058171,20559575
2022-12-01T00:00:00,1632.068765298498,1639.3873190288825,1631.967519347462,1635.8069423705574,20272620
2022-12-02T00:00:00,1633.169240568103,1634.8148183981104,1628.2887216335266,1634.7363041961282,20321354
2022-12-05T00:00:00,1638.0959270515225,1640.1911355175037,1634.1250369635604,1637.9561352275016,20100240
2022-12-06T00:00:00,1640.5409004028472,1641.3123124397061,1631.8658219683814,1638.6007723856294,20464086
2022-12-07T00:00:00,1640.3837295632923,1644.7236399782391,1635.5560012631825,1644.087343917018,21392226
2022-12-08T00:00:00,1648.1857553669108,1648.527088850362,1638.5902094561432,1642.226389414673,21630600
2022-12-09T00:00:00,1640.8434885899308,1641.5312372519206,1640.5413524291293,1640.9047579099245,20635574
2022-12-12T00:00:00,1639.3768894099426,1642.556417939813,1634.5390217419022,1641.4201983427786,21497126
2022-12-13T00:00:00,1642.0608718297724,1645.0081088444188,1636.1573433345764,1640.1974977438072,20973122
2022-12-14T00:00:00,1638.0962699726058,1640.8936026611277,1637.4981462994738,1639.2699825644454,20696800
2022-12-15T00:00:00,1641.44381723471,1650.387664971274,1639.0352410161324,1646.4506579173353,20029809
2022-12-16T00:00:00,1647.9794012110528,1653.7707208989086,1641.2300322956644,1650.9978005138998,20490994
2022-12-19T00:00:00,1647.4584555455956,1652.058787903785,1645.5404242737632,1649.841521288193,19597579
2022-12-20T00:00:00,1647.152307907321,1655.3291028056142,1642.846018973269,1651.828491128279,18817643
2022-12-21T00:00:00,1647.732463560258,1652.911856521236,1645.8452688812624,1647.1656295135338,19360087
2022-12-22T00:00:00,1649.255616762913,1650.4046422109961,1648.0565559232414,1649.6072108057424,19076088
2022-12-23T00:00:00,1652.8323313833173,1657.2171223884875,1649.5430762882393,1651.9292021383303,19608235
2022-12-26T00:00:00,1648.344760516331,1656.3447750993796,1639.5118014773077,1645.4533671065471,19580934
2022-12-27T00:00:00,1642.219077677242,1645.481507325735,1636.32833177239,1644.1346385660038,20394736
2022-12-28T00:00:00,1645.6374838940126,1646.5703167505721,1638.926223121422,1640.560241013144,21210316
2022-12-29T00:00:00,1644.592774088833,1652.7033734291495,1640.205042411389,1643.0201880619197,21956418
2022-12-30T00:00:00,1641.6335029811964,1643.80415053,1639.4626557198505,1642.3926308755936,22505616
2023-01-02T00:00:00,1640.9214603358382,1647.8724147092482,1638.598121323834,1638.7478901572447,22090907
2023-01-03T00:00:00,1641.079855999156,1646.0351788442788,1631.7162065286702,1633.484222579775,22239420
2023-01-04T00:00:00,1636.862153217845,1638.946596552989,1636.1166491307347,1637.4268810665146,22777535
2023-01-05T00:00:00,1640.3422415869197,1641.3326625074706,1634.0227708612802,1638.9567264052087,21815708
2023-01-06T00:00:00,1642.6129731863268,1652.185884018329,1641.4365109770706,1642.4946016407443,21874135
2023-01-09T00:00:00,1638.0791069131415,1647.81954381244,1631.0074053100427,1632.3464726101997,21668708
2023-01-10T00:00:00,1636.069648219457,1641.439222258469,1627.8884295668918,1632.2311857962945,21758603
2023-01-11T00:00:00,1629.8710336361905,1634.4950417945188,1622.7173990302836,1630.3372582699997,21856902
2023-01-12T00:00:00,1633.5147205995152,1637.6154761354069,1632.5952648797015,1634.458283510582,21464775
2023-01-13T00:00:00,1630.0537915213367,1638.6220015458662,1622.6731573913382,1627.9656921653639,21502460
2023-01-16T00:00:00,1623.3623534888234,1632.7719460395813,1613.567447757536,1621.4867653073557,21737080
2023-01-17T00:00:00,1617.554255448558,1620.9263710686573,1612.449298475267,1616.3667265117324,20743572
2023-01-18T00:00:00,1616.3606999342828,1620.7962248864142,1607.097849092883,1609.5970154827241,20374681
2023-01-19T00:00:00,1607.3387866624532,1607.4434325070465,1607.1329277130078,1607.2326579842188,20834504
2023-01-20T00:00:00,1606.446154940404,1613.7786463404284,1604.8058856492064,1607.0735811866427,21822182
2023-01-23T00:00:00,1607.783237132838,1609.8160444678163,1601.4016255723661,1605.648792575003,21792305
2023-01-24T00:00:00,1605.737186413412,1609.687195648912,1598.5632335819273,1600.4348091273093,21774709
2023-01-25T00:00:00,1597.4023770997512,1604.8737924657944,1593.0674935297532,1600.1680380266348,21426362
2023-01-26T00:00:00,1601.86107085373,1603.7747641844735,1592.6323570422169,1600.32812901028,21322989
2023-01-27T00:00:00,1600.8698144454227,1606.669196476442,1596.3386244788971,1600.191816724416,22217648
2023-01-30T00:00:00,1600.4078643281223,1606.9394579571306,1592.9842126069107,1605.790460432081,22835528
2023-01-31T00:00:00,1609.1286573105833,1612.548115445063,1602.8867459957844,1607.756300112562,22663678
2023-02-01T00:00:00,1611.9436863855715,1613.2425262634242,1603.5378187074793,1611.5357480416537,22132265
2023-02-02T00:00:00,1609.5649023460076,1613.0818429333362,1603.63646731824,1612.369338573278,23131286
2023-02-03T00:00:00,1609.201260818851,1609.8885695866918,1600.1889977481685,1601.782197167529,23943266
2023-02-06T00:00:00,1599.8466223828275,1604.9163306241596,1597.7013281904533,1602.7003363664642,23457965
2023-02-07T00:00:00,1598.3506967420105,1604.7511883701027,1588.3792041011316,1593.932009218302,22902705
2023-02-08T00:00:00,1593.8847760144004,1602.67937827328,1591.679871136259,1596.2760154919577,23799031
2023-02-09T00:00:00,1592.9310355849657,1594.7581356073574,1591.1221064695594,1594.4427876320176,24613216
2023-02-10T00:00:00,1593.8117559817056,1603.0586374260447,1587.7753036880613,1601.7776541333617,23852538
2023-02-13T00:00:00,1600.2261595951513,1608.0847127819375,1590.7289208098405,1600.6399836098701,23135682
2023-02-14T00:00:00,1596.8477829203641,1597.5158386981207,1592.7642159741981,1597.0209029309262,23285354
2023-02-15T00:00:00,1601.522023639749,1603.9311091644915,1592.142753440583,1603.6525160778372,23751461
2023-02-16T00:00:00,1608.0136075383155,1615.5415126654214,1600.2424201301283,1610.962637710335,23410838
2023-02-17T00:00:00,1614.3423604673171,1621.28988682223,1606.4303062486902,1617.8728286221638,23420023
2023-02-20T00:00:00,1618.9047892469794,1625.5607348434564,1614.0743395503378,1617.2676673141168,23712048
2023-02-21T00:00:00,1618.814437951837,1624.206350265637,1616.0604259498464,1617.1869571335174,24286467
2023-02-22T00:00:00,1613.4396082175372,1618.1390247216389,1608.4463956997579,1617.3716113203166,24055644
2023-02-23T00:00:00,1616.7617425883618,1623.215508462575,1608.3654874390454,1622.9168672391156,24416442
2023-02-24T00:00:00,1618.8910479987974,1627.0454652500327,1609.2972955366313,1611.0297759212965,24121482
2023-02-27T00:00:00,1607.3232482884011,1608.4229822496306,1603.0900219979028,1607.228261587976,24001292
2023-02-28T00:00:00,1607.841109486187,1609.6724845397327,1606.5061142175923,1606.7580495664388,24529022
2023-03-01T00:00:00,1610.0172293395706,1616.380853892298,1604.168819945018,1613.7531048569483,24791068
2023-03-02T00:00:00,1615.2201344702612,1616.6130684208517,1614.347825027605,1615.3365560829334,25472540
2023-03-03T00:00:00,1618.212616057228,1624.0495911148882,1614.542031725893,1620.07659096436,25602165
2023-03-06T00:00:00,1615.9711428451628,1617.175223734119,1615.7827242252904,1616.9796632137713,25593987
2023-03-07T00:00:00,1615.7701647293895,1620.7141834939703,1606.417980194406,1609.5723405734022,25939561
2023-03-08T00:00:00,1609.7873525364005,1615.7106525168372,1607.27275479965,1612.9214022605806,25258971
2023-03-09T00:00:00,1615.4977995239647,1615.5154196029214,1614.9091821036627,1615.0735911638972,25075431
2023-03-10T00:00:00,1619.1200476503893,1627.7426752167535,1611.5910864094872,1618.816247979448,24347418
2023-03-13T00:00:00,1619.1877855879818,1624.5011854792192,1614.158215346017,1623.322638878688,25006624
2023-03-14T00:00:00,1623.5150378161934,1630.4501740909,1618.479794062753,1629.2005488593643,24337299
2023-03-15T00:00:00,1630.827349375944,1631.2588546064744,1630.7093378140862,1631.2471898044132,23650480
2023-03-16T00:00:00,1629.674239162514,1637.4730347647726,1621.072336391197,1625.1812852092712,24047073
2023-03-17T00:00:00,1625.9869522050253,1630.9218772451643,1622.4357107014432,1624.017787223161,23161075
2023-03-20T00:00:00,1628.6356937355238,1629.5069369128341,1624.0236341595587,1626.665067872364,22986988
2023-03-21T00:00:00,1622.3249679386938,1624.0366241367556,1614.5024290262284,1623.4467098887083,23705933
2023-03-22T00:00:00,1620.1737839146356,1621.9343875533996,1613.9212899261202,1621.2126747469883,22888435
2023-03-23T00:00:00,1619.5183331100213,1620.0927350375423,1614.7504153498517,1615.153334041295,23047329
2023-03-24T00:00:00,1611.6962508025176,1616.8203201367462,1607.7743356134151,1609.1122574192302,23910278
2023-03-27T00:00:00,1613.3263823590287,1619.5648598129371,1604.124486477168,1607.0212633136682,23778071
2023-03-28T00:00:00,1611.892163723499,1619.8209667373726,1610.7506822832752,1616.4431365713676,23888903
2023-03-29T00:00:00,1612.6526278864926,1620.058412838201,1602.8919446776242,1607.9780336552792,24374146
2023-03-30T00:00:00,1603.1368347716198,1605.357887995538,1600.0268178444717,1605.2347055684452,23802660
2023-03-31T00:00:00,1604.8100349156757,1605.1705876947178,1595.0286991720345,1599.1684910387896,24056852
2023-04-03T00:00:00,1603.5698870073484,1611.0249004259363,1595.7962588067055,1609.363686734441,23587555
2023-04-04T00:00:00,1610.9514110413018,1611.2159251468452,1601.3560192320433,1605.3234471725998,22612590
2023-04-05T00:00:00,1603.1339227689245,1604.6320017311748,1595.8399844153562,1603.0639726984223,22290650
2023-04-06T00:00:00,1606.877294421176,1608.233895485701,1601.8884116852391,1605.592666843888,21988874
2023-04-07T00:00:00,1603.6898924270731,1605.428624129054,1599.42997858812,1601.2806062994778,22069488
2023-04-10T00:00:00,1601.9319613601344,1603.750778192689,1601.0446745104007,1602.3015941319982,21256158
2023-04-11T00:00:00,1603.593713270765,1607.6466079787556,1596.575183609791,1596.832813490005,21341706
2023-04-12T00:00:00,1597.2280557841839,1604.1136961890784,1589.873646233781,1592.5696115731632,20435634
2023-04-13T00:00:00,1595.1694411589554,1595.7917070577134,1593.20833983122,1594.8975333891517,20649461
2023-04-14T00:00:00,1599.0448550685176,1600.7197817604597,1591.8949801993544,1594.16963289799,21607899
2023-04-17T00:00:00,1591.632132713799,1597.5793964398445,1582.5049399838242,1585.429782190354,22582204
2023-04-18T00:00:00,1584.3248127844067,1586.1202104724616,1578.6934635624646,1581.9062205953253,22344671
2023-04-19T00:00:00,1586.3846294542127,1594.6716125643625,1578.2821286066248,1591.9174647931686,21672046
2023-04-20T00:00:00,1589.309932234595,1596.412443177295,1582.5857796746438,1592.8498580874789,21331588
2023-04-21T00:00:00,1596.2953943980413,1598.34400858276,1590.2296410880087,1593.86280866391,21723361
2023-04-24T00:00:00,1589.1663476446531,1594.937811162485,1581.9917259062722,1587.8955481861829,22422986
2023-04-25T00:00:00,1590.2696461631651,1599.8453211265526,1588.7509225776218,1597.0896534676654,21550054
2023-04-26T00:00:00,1596.974338395614,1599.7086700411676,1589.5371652719298,1594.5764460591222,20656615
2023-04-27T00:00:00,1598.3619652112527,1607.3827579078288,1598.047688790764,1599.1292846687966,20296746
2023-04-28T00:00:00,1595.8247757738795,1597.224205826738,1592.7748692076782,1595.3877876269505,20399036
2023-05-01T00:00:00,1597.4941398040141,1600.3118581455526,1588.4074059870702,1593.3842772092996,20738459
2023-05-02T00:00:00,1590.3052079867452,1594.944461491095,1587.455468651908,1589.9772340607535,21724583
2023-05-03T00:00:00,1590.589391572797,1600.5478526457632,1590.041226324531,1590.7937655378064,22209983
2023-05-04T00:00:00,1593.7677697400643,1603.1797356052678,1589.942324637707,1592.4862601017978,22563900
2023-05-05T00:00:00,1597.124706181354,1605.0367783605088,1591.6882339791641,1593.1618500613608,23525507
2023-05-08T00:00:00,1596.7288588606593,1600.973384115557,1592.2093042820602,1599.2858597201555,23601603
2023-05-09T00:00:00,1598.595434395219,1600.1739784114602,1594.5258905463397,1598.5945570959748,23595585
2023-05-10T00:00:00,1596.514160558621,1606.0278811860037,1587.9059165263593,1598.1309812955421,23003242
2023-05-11T00:00:00,1598.9161025302988,1605.758311307493,1595.9633400737769,1602.2392050057258,23338956
2023-05-12T00:00:00,1600.2687768534554,1606.7625462192439,1599.5837830078676,1600.1553757026784,23837391
2023-05-15T00:00:00,1596.8951359562561,1597.9383455901454,1593.899420820559,1595.7244812412525,24476314
